,team_name,circuit,country,team_code,bike,groupset,wheels,saddle,tyres,pedals,powermeter,sunglasses,helmets,shoes,bartape,kit,sports_nutrition,cycling_computer,hometrainer,team_code_2023_x,nb_race_flat,nb_win_flat,nb_pod_flat,nb_top10_flat,pts_flat,avg_rnk_flat,pct_win_flat,pct_pod_flat,pct_top10_flat,avg_pts_flat,team_code_2023_y,nb_race_climb,nb_win_climb,nb_pod_climb,nb_top10_climb,pts_climb,avg_rnk_climb,pct_win_climb,pct_pod_climb,pct_top10_climb,avg_pts_climb,team_code_2023_x,nb_race_time_trial,nb_win_time_trial,nb_pod_time_trial,nb_top10_time_trial,pts_time_trial,avg_rnk_time_trial,pct_win_time_trial,pct_pod_time_trial,pct_top10_time_trial,avg_pts_time_trial,team_code_2023_y,nb_gc_finished,nb_win_gc,nb_pod_gc,nb_top10_gc,pts_gc,avg_rnk_gc,pct_win_gc,pct_pod_gc,pct_top10_gc,avg_pts_gc,team_code_2023_x,nb_race_one_day,nb_win_one_day,nb_pod_one_day,nb_top10_one_day,pts_one_day,avg_rnk_one_day,pct_win_one_day,pct_pod_one_day,pct_top10_one_day,avg_pts_one_day,team_code_2023_y,nb_dnf_otl,pct_dnf_otl
0,bora - hansgrohe,worldteams,germany,bora-hansgrohe-2023,specialized,shimano,roval,specialized,,,,100%,specialized,,,le colroeckl,,wahoo,,bora-hansgrohe-2023,1312.0,23.0,73.0,139.0,6916.0,68.75698560541913,0.017530487804878,0.055640243902439,0.1059451219512195,5.271341463414634,bora-hansgrohe-2023,2888.0,36.0,98.0,316.0,12393.0,70.8979357798165,0.0124653739612188,0.0339335180055401,0.1094182825484764,4.291204986149585,bora-hansgrohe-2023,327.0,2.0,4.0,21.0,294.0,72.88198757763975,0.0061162079510703,0.0122324159021406,0.0642201834862385,0.8990825688073395,bora-hansgrohe-2023,289.0,5.0,10.0,42.0,10003.0,38.32567049808429,0.0173010380622837,0.0346020761245674,0.1453287197231834,34.61245674740484,bora-hansgrohe-2023,1135.0,13.0,43.0,113.0,10727.0,54.88737623762376,0.011453744493392,0.037885462555066,0.0995594713656387,9.451101321585902,bora-hansgrohe-2023,344.0,0.0759885133642589
1,cofidis,worldteams,france,cofidis-2023,look,shimano,corima,selle italia,michelin,,,ekoï,ekoï,,,van rysel,,wahoo,,cofidis-2023,1231.0,6.0,18.0,90.0,3983.0,75.32360984503191,0.0048740861088545,0.0146222583265637,0.0731112916328188,3.2355808285946384,cofidis-2023,2796.0,14.0,50.0,161.0,7398.0,73.71747805267358,0.0050071530758226,0.0178826895565093,0.0575822603719599,2.645922746781116,cofidis-2023,262.0,0.0,1.0,4.0,39.0,90.35135135135135,0.0,0.0038167938931297,0.015267175572519,0.148854961832061,cofidis-2023,207.0,0.0,2.0,11.0,4199.0,21.869791666666668,0.0,0.0096618357487922,0.0531400966183574,20.28502415458937,cofidis-2023,1537.0,15.0,38.0,133.0,8838.0,54.39355385920271,0.0097592713077423,0.0247234873129473,0.0865322055953155,5.750162654521795,cofidis-2023,387.0,0.0902308230356726
2,ef education-easypost,worldteams,usa,ef-education-easypost-2023,cannondale,shimano,vision,prologo,vittoria,,,poc,poc,,,rapha,,wahoo,wahoo,ef-education-easypost-2023,1056.0,3.0,7.0,34.0,1721.0,79.2730964467005,0.002840909090909,0.0066287878787878,0.0321969696969696,1.6297348484848484,ef-education-easypost-2023,2790.0,26.0,57.0,203.0,9505.0,69.63088587390263,0.0093189964157706,0.0204301075268817,0.0727598566308243,3.4068100358422937,ef-education-easypost-2023,310.0,4.0,11.0,41.0,832.0,53.84789644012945,0.0129032258064516,0.0354838709677419,0.132258064516129,2.683870967741936,ef-education-easypost-2023,269.0,0.0,5.0,24.0,7333.0,30.301652892561982,0.0,0.0185873605947955,0.0892193308550185,27.260223048327138,ef-education-easypost-2023,932.0,11.0,24.0,73.0,7578.0,55.37369207772795,0.0118025751072961,0.0257510729613733,0.0783261802575107,8.130901287553648,ef-education-easypost-2023,308.0,0.0741097208854668
3,groupama - fdj,worldteams,france,groupama-fdj-2023,lapierre,shimano,shimano,prologo,continental,,,julbo,giro,,,alé,apurna,garmin,,groupama-fdj-2023,1159.0,14.0,24.0,88.0,4173.0,72.17927170868347,0.0120793787748058,0.0207075064710957,0.0759275237273511,3.6005176876617773,groupama-fdj-2023,2844.0,12.0,48.0,188.0,8365.0,70.77011936850212,0.0042194092827004,0.0168776371308016,0.0661040787623066,2.9412798874824198,groupama-fdj-2023,324.0,2.0,6.0,23.0,456.0,71.62229102167183,0.0061728395061728,0.0185185185185185,0.0709876543209876,1.4074074074074074,groupama-fdj-2023,271.0,0.0,1.0,15.0,6113.0,23.785992217898837,0.0,0.003690036900369,0.055350553505535,22.55719557195572,groupama-fdj-2023,1115.0,9.0,31.0,111.0,8828.0,49.53199052132702,0.0080717488789237,0.0278026905829596,0.0995515695067264,7.917488789237668,groupama-fdj-2023,301.0,0.0695632077651952
4,ineos grenadiers,worldteams,united kingdom,ineos-grenadiers-2023,pinarello,shimano,shimano,fizik,continental,,,sungod,kask,,,bioracer,sis,garmin,,ineos-grenadiers-2023,1056.0,1.0,8.0,42.0,2221.0,75.60422960725076,0.0009469696969696,0.0075757575757575,0.0397727272727272,2.103219696969697,ineos-grenadiers-2023,2779.0,29.0,87.0,289.0,12556.0,60.12028301886792,0.010435408420295,0.0313062252608852,0.1039942425332853,4.5181720043181,ineos-grenadiers-2023,328.0,9.0,21.0,68.0,1402.0,55.833333333333336,0.0274390243902439,0.0640243902439024,0.2073170731707317,4.274390243902439,ineos-grenadiers-2023,286.0,12.0,32.0,53.0,13885.0,51.04779411764706,0.0419580419580419,0.1118881118881118,0.1853146853146853,48.54895104895105,ineos-grenadiers-2023,809.0,10.0,29.0,85.0,9281.0,52.5719298245614,0.0123609394313967,0.0358467243510506,0.1050679851668726,11.472187886279356,ineos-grenadiers-2023,268.0,0.0643766514532788
5,intermarche - circus - wanty,worldteams,belgium,intermarche-circus-wanty-2023,cube,shimano,shimano,prologo,continental,,,uvex sports,uvex sports,gaerne,prologo,nalini,,bryton,bryton,intermarche-circus-wanty-2023,1276.0,9.0,34.0,122.0,5545.0,64.65709156193896,0.0070532915360501,0.0266457680250783,0.0956112852664576,4.3456112852664575,intermarche-circus-wanty-2023,2295.0,14.0,44.0,169.0,7708.0,66.75523760858457,0.0061002178649237,0.0191721132897603,0.0736383442265795,3.3586056644880173,intermarche-circus-wanty-2023,227.0,0.0,0.0,1.0,14.0,92.7433628318584,0.0,0.0,0.0044052863436123,0.0616740088105726,intermarche-circus-wanty-2023,193.0,0.0,0.0,8.0,3853.0,22.14367816091954,0.0,0.0,0.0414507772020725,19.963730569948183,intermarche-circus-wanty-2023,1583.0,16.0,55.0,172.0,11062.0,50.606529209622,0.0101073910296904,0.0347441566645609,0.1086544535691724,6.987997473152243,intermarche-circus-wanty-2023,458.0,0.1204312384959242
6,team jumbo visma,worldteams,netherlands,team-jumbo-visma-2023,cervélo,sram,reserve wheels,fizik,vittoria,speedplay,,oakley,lazer,nimbl,fsa,agu,amacx,garmin,,team-jumbo-visma-2023,1054.0,18.0,51.0,107.0,6187.0,66.79642502482622,0.01707779886148,0.0483870967741935,0.1015180265654649,5.870018975332068,team-jumbo-visma-2023,2531.0,45.0,128.0,268.0,13626.0,63.88860652265989,0.0177795337811141,0.0505728960885025,0.1058870011853022,5.383642828921375,team-jumbo-visma-2023,308.0,14.0,33.0,61.0,2096.0,57.37541528239203,0.0454545454545454,0.1071428571428571,0.198051948051948,6.805194805194805,team-jumbo-visma-2023,268.0,11.0,19.0,40.0,11801.0,47.58467741935484,0.0410447761194029,0.0708955223880597,0.1492537313432835,44.03358208955224,team-jumbo-visma-2023,689.0,20.0,44.0,83.0,11214.0,53.35753176043557,0.0290275761973875,0.0638606676342525,0.1204644412191582,16.27576197387518,team-jumbo-visma-2023,176.0,0.045209350115592
7,movistar team,worldteams,spain,movistar-team-2023,canyon,sram,zipp,fizik,continental,look,quarq,100%,abus,fizik,lizard skins,gobik,226ers,garmin,elite,movistar-team-2023,1033.0,1.0,5.0,31.0,1608.0,70.9089968976215,0.0009680542110358,0.004840271055179,0.0300096805421103,1.5566311713455954,movistar-team-2023,2897.0,16.0,69.0,245.0,9714.0,59.53572764683876,0.0055229547808077,0.0238177424922333,0.0845702450811183,3.3531239212978945,movistar-team-2023,327.0,0.0,1.0,8.0,127.0,75.07407407407408,0.0,0.0030581039755351,0.0244648318042813,0.3883792048929663,movistar-team-2023,281.0,1.0,6.0,30.0,8955.0,34.7093023255814,0.0035587188612099,0.0213523131672597,0.1067615658362989,31.868327402135236,movistar-team-2023,943.0,5.0,21.0,83.0,6989.0,52.43557422969187,0.0053022269353128,0.0222693531283138,0.088016967126193,7.4114528101802755,movistar-team-2023,262.0,0.0615456894526662
8,soudal - quick step,worldteams,belgium,soudal-quick-step-2023,specialized,shimano,roval,specialized,specialized,shimano,shimano,oakley,specialized,specialized,supacaz,castelli,6d sports nutrition,garmin,tacx,soudal-quick-step-2023,1344.0,50.0,101.0,193.0,11517.0,64.15208825847124,0.0372023809523809,0.0751488095238095,0.1436011904761904,8.569196428571429,soudal-quick-step-2023,2821.0,47.0,109.0,275.0,15477.0,76.46970858895706,0.0166607585962424,0.0386387805742644,0.097483161999291,5.486352357320099,soudal-quick-step-2023,328.0,7.0,23.0,67.0,1556.0,54.73208722741433,0.0213414634146341,0.0701219512195122,0.2042682926829268,4.743902439024391,soudal-quick-step-2023,294.0,4.0,7.0,26.0,7405.0,28.48076923076923,0.0136054421768707,0.0238095238095238,0.0884353741496598,25.187074829931973,soudal-quick-step-2023,1064.0,44.0,91.0,178.0,18841.0,47.131147540983605,0.0413533834586466,0.0855263157894736,0.1672932330827067,17.707706766917294,soudal-quick-step-2023,258.0,0.0574226574671711
9,team arkea samsic,worldteams,france,team-arkea-samsic-2023,bianchi,shimano,shimano,selle italia,continental,,,ekoï,ekoï,,,jinga,,wahoo,,team-arkea-samsic-2023,904.0,4.0,24.0,89.0,4337.0,62.38569604086845,0.0044247787610619,0.0265486725663716,0.0984513274336283,4.797566371681416,team-arkea-samsic-2023,1801.0,8.0,24.0,123.0,5593.0,65.40102827763496,0.0044419766796224,0.0133259300388672,0.0682953914491948,3.1054969461410327,team-arkea-samsic-2023,109.0,0.0,0.0,0.0,9.0,86.3211009174312,0.0,0.0,0.0,0.0825688073394495,team-arkea-samsic-2023,99.0,0.0,0.0,4.0,2206.0,22.979166666666668,0.0,0.0,0.0404040404040404,22.282828282828284,team-arkea-samsic-2023,1510.0,11.0,37.0,158.0,8954.0,49.14588634435962,0.0072847682119205,0.0245033112582781,0.1046357615894039,5.929801324503312,team-arkea-samsic-2023,337.0,0.1195035460992907
10,team jayco alula,worldteams,australia,team-jayco-alula-2023,giant,shimano,cadex,giant,cadex,shimano,shimano,scicon,giant,,giant,alé,,garmin,,team-jayco-alula-2023,1112.0,5.0,22.0,81.0,2870.0,76.1071779744346,0.0044964028776978,0.0197841726618705,0.072841726618705,2.5809352517985613,team-jayco-alula-2023,2732.0,19.0,67.0,191.0,8199.0,73.65040650406505,0.0069546120058565,0.024524158125915,0.0699121522693997,3.001098096632504,team-jayco-alula-2023,314.0,3.0,5.0,19.0,413.0,69.08626198083067,0.0095541401273885,0.0159235668789808,0.0605095541401273,1.3152866242038217,team-jayco-alula-2023,266.0,1.0,6.0,22.0,6660.0,27.295081967213115,0.0037593984962406,0.0225563909774436,0.0827067669172932,25.03759398496241,team-jayco-alula-2023,917.0,3.0,21.0,62.0,6190.0,60.742990654205606,0.0032715376226826,0.0229007633587786,0.0676117775354416,6.750272628135224,team-jayco-alula-2023,314.0,0.0755170755170755
11,team dsm,worldteams,netherlands,team-dsm-2023,scott,shimano,shimano,syncros,vittoria,shimano,shimano,driive,scott,,syncros,nalini,,wahoo,,team-dsm-2023,1212.0,5.0,25.0,82.0,3279.0,70.67485822306239,0.0041254125412541,0.0206270627062706,0.0676567656765676,2.7054455445544554,team-dsm-2023,2605.0,19.0,52.0,182.0,7700.0,73.79182630906769,0.0072936660268714,0.019961612284069,0.0698656429942418,2.9558541266794625,team-dsm-2023,313.0,2.0,7.0,26.0,442.0,61.51132686084142,0.0063897763578274,0.0223642172523961,0.0830670926517571,1.412140575079872,team-dsm-2023,262.0,0.0,2.0,22.0,5749.0,23.954166666666666,0.0,0.0076335877862595,0.0839694656488549,21.94274809160305,team-dsm-2023,891.0,7.0,19.0,50.0,6074.0,56.33561643835616,0.0078563411896745,0.0213243546576879,0.0561167227833894,6.81705948372615,team-dsm-2023,358.0,0.086682808716707
12,trek - segafredo,worldteams,usa,trek-segafredo-2023,trek,sram,bontrager,bontrager,pirelli,time,quarq,100%,bontrager,bontrager,bontrager,santini,enervit,wahoo,wahoo,trek-segafredo-2023,1223.0,6.0,28.0,111.0,4440.0,71.44424297370807,0.0049059689288634,0.0228945216680294,0.0907604251839738,3.6304170073589535,trek-segafredo-2023,2910.0,11.0,44.0,199.0,9214.0,69.72251705837756,0.0037800687285223,0.0151202749140893,0.0683848797250859,3.1663230240549827,trek-segafredo-2023,323.0,0.0,2.0,11.0,235.0,81.14906832298136,0.0,0.0061919504643962,0.0340557275541795,0.7275541795665634,trek-segafredo-2023,282.0,0.0,2.0,11.0,5407.0,20.637404580152676,0.0,0.0070921985815602,0.0390070921985815,19.173758865248228,trek-segafredo-2023,1113.0,8.0,24.0,105.0,9316.0,55.19416243654823,0.0071877807726864,0.0215633423180593,0.0943396226415094,8.370170709793351,trek-segafredo-2023,358.0,0.0803411131059246
13,ag2r citroen team,worldteams,france,ag2r-citroen-team-2023,bmc,campagnolo,campagnolo,fizik,pirelli,look,power2max,smith,hjc sports,,,rosti,,wahoo,elite,ag2r-citroen-team-2023,1171.0,1.0,8.0,60.0,2836.0,65.37235023041475,0.0008539709649871,0.0068317677198975,0.0512382578992314,2.421861656703672,ag2r-citroen-team-2023,2944.0,18.0,53.0,226.0,10238.0,60.89398385913426,0.0061141304347826,0.0180027173913043,0.076766304347826,3.4775815217391304,ag2r-citroen-team-2023,327.0,0.0,0.0,3.0,36.0,79.03426791277259,0.0,0.0,0.0091743119266055,0.110091743119266,ag2r-citroen-team-2023,269.0,0.0,2.0,16.0,5694.0,22.2421875,0.0,0.0074349442379182,0.0594795539033457,21.16728624535316,ag2r-citroen-team-2023,1247.0,11.0,37.0,148.0,10633.0,45.08151093439364,0.0088211708099438,0.0296712109061748,0.1186848436246992,8.526864474739375,ag2r-citroen-team-2023,272.0,0.0612336785231877
14,uae team emirates,worldteams,uae,uae-team-emirates-2023,colnago,shimano,enve,prologo,continental,,shimano,scicon,met,,,pissei,,wahoo,,uae-team-emirates-2023,1265.0,10.0,42.0,116.0,4840.0,65.56830122591944,0.0079051383399209,0.0332015810276679,0.091699604743083,3.8260869565217392,uae-team-emirates-2023,3082.0,52.0,140.0,352.0,15974.0,65.87394340316061,0.0168721609344581,0.045425048669695,0.1142115509409474,5.1829980532122,uae-team-emirates-2023,320.0,2.0,9.0,29.0,681.0,69.36477987421384,0.00625,0.028125,0.090625,2.128125,uae-team-emirates-2023,284.0,8.0,18.0,36.0,10668.0,39.80597014925373,0.028169014084507,0.0633802816901408,0.1267605633802817,37.563380281690144,uae-team-emirates-2023,1289.0,24.0,70.0,161.0,13236.0,49.07709750566893,0.0186190845616757,0.0543056633048875,0.1249030256012412,10.268425135764158,uae-team-emirates-2023,420.0,0.0899935718877223
15,alpecin-deceuninck,worldteams,belgium,alpecin-deceuninck-2023,canyon,shimano,shimano,selle italia,vittoria,,,oakley,,,,kalas,4gold,wahoo,,alpecin-deceuninck-2023,1025.0,30.0,63.0,115.0,7468.0,63.59275521405049,0.0292682926829268,0.0614634146341463,0.1121951219512195,7.285853658536586,alpecin-deceuninck-2023,1370.0,21.0,39.0,94.0,6660.0,78.5612582781457,0.0153284671532846,0.0284671532846715,0.0686131386861313,4.861313868613139,alpecin-deceuninck-2023,146.0,0.0,2.0,5.0,150.0,95.93333333333334,0.0,0.0136986301369863,0.0342465753424657,1.0273972602739727,alpecin-deceuninck-2023,95.0,0.0,0.0,1.0,1298.0,14.108695652173912,0.0,0.0,0.0105263157894736,13.663157894736845,alpecin-deceuninck-2023,1111.0,29.0,60.0,127.0,11070.0,50.89269406392694,0.0261026102610261,0.054005400540054,0.1143114311431143,9.963996399639964,alpecin-deceuninck-2023,246.0,0.0965463108320251
16,astana qazaqstan team,worldteams,kazakhstan,astana-qazaqstan-team-2023,wilier triestina,shimano,corima,prologo,vittoria,look,shimano,scicon,limar,,prologo,giordana,namedsport,garmin,tacx,astana-qazaqstan-team-2023,1066.0,0.0,3.0,23.0,943.0,76.66115702479338,0.0,0.0028142589118198,0.0215759849906191,0.8846153846153846,astana-qazaqstan-team-2023,2880.0,23.0,62.0,205.0,8355.0,60.70800933125972,0.0079861111111111,0.0215277777777777,0.0711805555555555,2.9010416666666665,astana-qazaqstan-team-2023,320.0,1.0,3.0,20.0,286.0,58.92356687898089,0.003125,0.009375,0.0625,0.89375,astana-qazaqstan-team-2023,290.0,3.0,9.0,28.0,8370.0,31.58490566037736,0.0103448275862068,0.0310344827586206,0.096551724137931,28.86206896551724,astana-qazaqstan-team-2023,889.0,8.0,17.0,49.0,5625.0,55.34704830053667,0.0089988751406074,0.0191226096737907,0.0551181102362204,6.327334083239595,astana-qazaqstan-team-2023,365.0,0.0855602437880918
17,bahrain - victorious,worldteams,bahrain,bahrain-victorious-2023,merida,shimano,vision,prologo,continental,fsa,,rudy project,rudy project,,,alé,neversecond,garmin,elite,bahrain-victorious-2023,974.0,6.0,18.0,75.0,2994.0,73.42400881057269,0.0061601642710472,0.0184804928131416,0.0770020533880903,3.0739219712525667,bahrain-victorious-2023,2615.0,27.0,81.0,266.0,10429.0,65.48223986627664,0.0103250478011472,0.0309751434034416,0.1017208413001912,3.988145315487572,bahrain-victorious-2023,311.0,1.0,5.0,23.0,358.0,67.01290322580645,0.0032154340836012,0.0160771704180064,0.0739549839228295,1.1511254019292605,bahrain-victorious-2023,275.0,1.0,14.0,41.0,10508.0,40.57142857142857,0.0036363636363636,0.0509090909090909,0.149090909090909,38.21090909090909,bahrain-victorious-2023,661.0,5.0,14.0,66.0,7334.0,49.84409799554566,0.0075642965204236,0.021180030257186,0.0998487140695915,11.095310136157336,bahrain-victorious-2023,247.0,0.0633333333333333
18,bingoal wb,proteams,belgium,bingoal-wb-2023,de rosa,rotor,ursus,repente,hutchinson,look,rotor,,spiuk,,,vermarc,supq,bryton,elite,bingoal-wb-2023,691.0,1.0,2.0,38.0,2147.0,62.56983240223464,0.0014471780028943,0.0028943560057887,0.0549927641099855,3.1070911722141825,bingoal-wb-2023,573.0,0.0,3.0,17.0,1232.0,59.25067385444744,0.0,0.0052356020942408,0.0296684118673647,2.150087260034904,bingoal-wb-2023,12.0,0.0,0.0,0.0,2.0,116.91666666666669,0.0,0.0,0.0,0.1666666666666666,bingoal-wb-2023,10.0,0.0,0.0,0.0,45.0,5.0,0.0,0.0,0.0,4.5,bingoal-wb-2023,1189.0,1.0,5.0,54.0,3376.0,59.41408114558472,0.0008410428931875,0.0042052144659377,0.0454163162321278,2.8393608074011776,bingoal-wb-2023,349.0,0.2720187061574435
19,bolton equities black spoke,proteams,australia,bolton-equities-black-spoke-2023,pinarello,shimano,,pro,vittoria,shimano,,100%,lazer,,pro,doltcini,,wahoo,wahoo,bolton-equities-black-spoke-2023,96.0,0.0,0.0,1.0,49.0,61.19672131147541,0.0,0.0,0.0104166666666666,0.5104166666666666,bolton-equities-black-spoke-2023,60.0,0.0,0.0,1.0,110.0,52.4054054054054,0.0,0.0,0.0166666666666666,1.8333333333333333,bolton-equities-black-spoke-2023,1.0,0.0,0.0,1.0,32.0,4.0,0.0,0.0,1.0,32.0,,,,,,,,,,,,bolton-equities-black-spoke-2023,156.0,0.0,0.0,2.0,159.0,57.87755102040816,0.0,0.0,0.0128205128205128,1.0192307692307692,bolton-equities-black-spoke-2023,59.0,0.3597560975609756
20,burgos-bh,proteams,spain,burgos-bh-2023,bh,fsa,vision,prologo,veloflex,xpedo,,ekoï,ekoï,,prologo,finisseur,victory endurance,hammerhead,,burgos-bh-2023,306.0,0.0,0.0,3.0,100.0,81.70786516853933,0.0,0.0,0.0098039215686274,0.326797385620915,burgos-bh-2023,940.0,1.0,4.0,19.0,684.0,81.15306122448979,0.001063829787234,0.0042553191489361,0.0202127659574468,0.7276595744680852,burgos-bh-2023,58.0,0.0,0.0,0.0,0.0,126.55172413793105,0.0,0.0,0.0,0.0,burgos-bh-2023,57.0,0.0,0.0,0.0,826.0,17.956521739130434,0.0,0.0,0.0,14.491228070175438,burgos-bh-2023,471.0,0.0,2.0,14.0,588.0,59.34113712374582,0.0,0.0042462845010615,0.0297239915074309,1.248407643312102,burgos-bh-2023,188.0,0.1441717791411043
21,caja rural - seguros rga,proteams,spain,caja-rural-seguros-rga-2023,mmr,shimano,vision,selle italia,vittoria,,,spiuk,spiuk,,,gsport,,,,caja-rural-seguros-rga-2023,262.0,0.0,1.0,16.0,309.0,76.0379746835443,0.0,0.0038167938931297,0.0610687022900763,1.1793893129770991,caja-rural-seguros-rga-2023,895.0,0.0,5.0,24.0,835.0,77.53083109919571,0.0,0.0055865921787709,0.0268156424581005,0.9329608938547486,caja-rural-seguros-rga-2023,55.0,0.0,0.0,0.0,0.0,120.50909090909092,0.0,0.0,0.0,0.0,caja-rural-seguros-rga-2023,57.0,0.0,0.0,1.0,636.0,13.53191489361702,0.0,0.0,0.0175438596491228,11.157894736842104,caja-rural-seguros-rga-2023,485.0,0.0,2.0,13.0,726.0,57.78698224852071,0.0,0.0041237113402061,0.0268041237113402,1.4969072164948454,caja-rural-seguros-rga-2023,167.0,0.1377887788778878
22,eolo-kometa,proteams,italy,eolo-kometa-2023,aurum,sram,enve,prologo,vittoria,look,,,,sidi,,gobik,,,,eolo-kometa-2023,153.0,0.0,0.0,3.0,72.0,91.18791946308724,0.0,0.0,0.0196078431372549,0.4705882352941176,eolo-kometa-2023,650.0,1.0,5.0,17.0,910.0,73.00391389432485,0.0015384615384615,0.0076923076923076,0.0261538461538461,1.4,eolo-kometa-2023,44.0,0.0,0.0,0.0,0.0,112.20454545454544,0.0,0.0,0.0,0.0,eolo-kometa-2023,28.0,0.0,0.0,0.0,543.0,19.392857142857142,0.0,0.0,0.0,19.392857142857142,eolo-kometa-2023,431.0,0.0,2.0,11.0,716.0,60.17586206896552,0.0,0.0046403712296983,0.025522041763341,1.6612529002320189,eolo-kometa-2023,140.0,0.1652892561983471
23,equipo kern pharma,proteams,spain,equipo-kern-pharma-2023,giant,shimano,cadex,,,,,bollé,giant,,,etxeondo,finisher,,zycle,equipo-kern-pharma-2023,119.0,0.0,0.0,0.0,45.0,77.91397849462365,0.0,0.0,0.0,0.3781512605042016,equipo-kern-pharma-2023,584.0,0.0,2.0,11.0,500.0,66.96581196581197,0.0,0.0034246575342465,0.0188356164383561,0.8561643835616438,equipo-kern-pharma-2023,35.0,0.0,0.0,0.0,0.0,88.0,0.0,0.0,0.0,0.0,equipo-kern-pharma-2023,25.0,0.0,0.0,0.0,195.0,9.75,0.0,0.0,0.0,7.8,equipo-kern-pharma-2023,412.0,0.0,2.0,8.0,518.0,56.13666666666666,0.0,0.0048543689320388,0.0194174757281553,1.2572815533980584,equipo-kern-pharma-2023,121.0,0.1639566395663956
24,euskaltel - euskadi,proteams,spain,euskaltel-euskadi-2023,orbea,shimano,vision,,,,,,,,,etxeondo,,,,euskaltel-euskadi-2023,185.0,0.0,1.0,2.0,173.0,80.85798816568047,0.0,0.0054054054054054,0.0108108108108108,0.9351351351351352,euskaltel-euskadi-2023,677.0,1.0,3.0,19.0,630.0,73.4676007005254,0.001477104874446,0.0044313146233382,0.0280649926144756,0.930576070901034,euskaltel-euskadi-2023,45.0,0.0,0.0,0.0,0.0,106.64444444444445,0.0,0.0,0.0,0.0,euskaltel-euskadi-2023,39.0,0.0,0.0,0.0,465.0,13.285714285714286,0.0,0.0,0.0,11.923076923076923,euskaltel-euskadi-2023,404.0,1.0,3.0,15.0,706.0,56.66319444444444,0.0024752475247524,0.0074257425742574,0.0371287128712871,1.7475247524752475,euskaltel-euskadi-2023,120.0,0.1323042998897464
25,green project bardiani csf-faizane,proteams,italy,green-project-bardiani-csf-faizane-2023,de rosa,campagnolo,campagnolo,selle smp,vittoria,favero,favero,briko,briko,gaerne,de rosa,alé,sis,bryton,elite,green-project-bardiani-csf-faizane-2023,294.0,0.0,0.0,12.0,304.0,75.53875968992249,0.0,0.0,0.0408163265306122,1.034013605442177,green-project-bardiani-csf-faizane-2023,962.0,0.0,4.0,24.0,1156.0,78.2671052631579,0.0,0.0041580041580041,0.0249480249480249,1.2016632016632016,green-project-bardiani-csf-faizane-2023,85.0,0.0,0.0,0.0,0.0,131.41666666666666,0.0,0.0,0.0,0.0,green-project-bardiani-csf-faizane-2023,45.0,0.0,0.0,0.0,555.0,12.333333333333334,0.0,0.0,0.0,12.333333333333334,green-project-bardiani-csf-faizane-2023,593.0,0.0,1.0,14.0,1058.0,58.325,0.0,0.0016863406408094,0.0236087689713322,1.7841483979763912,green-project-bardiani-csf-faizane-2023,232.0,0.1730052199850857
26,human powered health,proteams,usa,human-powered-health-2023,felt,sram,vision,selle italia,goodyear,,,rudy project,lem,northwave,,pactimo,,wahoo,wahoo,human-powered-health-2023,295.0,0.0,1.0,7.0,360.0,71.38862559241706,0.0,0.0033898305084745,0.023728813559322,1.2203389830508475,human-powered-health-2023,458.0,1.0,2.0,10.0,327.0,77.63142857142857,0.0021834061135371,0.0043668122270742,0.0218340611353711,0.7139737991266376,human-powered-health-2023,39.0,0.0,0.0,0.0,0.0,95.71794871794872,0.0,0.0,0.0,0.0,human-powered-health-2023,36.0,0.0,0.0,1.0,370.0,10.882352941176473,0.0,0.0,0.0277777777777777,10.27777777777778,human-powered-health-2023,502.0,1.0,2.0,12.0,658.0,65.95283018867924,0.0019920318725099,0.0039840637450199,0.0239043824701195,1.3107569721115535,human-powered-health-2023,184.0,0.2323232323232323
27,israel - premier tech,proteams,israel,israel-premier-tech-2023,factor,,black inc,selle italia,maxxis,,,ekoï,ekoï,,,ekoï,santa madre,hammerhead,powerwatts,israel-premier-tech-2023,1097.0,3.0,13.0,92.0,3640.0,71.68262226847034,0.0027347310847766,0.0118505013673655,0.0838650865998176,3.318140382862352,israel-premier-tech-2023,2409.0,11.0,40.0,126.0,6142.0,81.43298479087453,0.0045662100456621,0.016604400166044,0.0523038605230386,2.5496056454960563,israel-premier-tech-2023,256.0,0.0,1.0,9.0,78.0,90.14624505928852,0.0,0.00390625,0.03515625,0.3046875,israel-premier-tech-2023,191.0,0.0,1.0,5.0,3035.0,16.955307262569832,0.0,0.0052356020942408,0.0261780104712041,15.890052356020943,israel-premier-tech-2023,1241.0,5.0,19.0,93.0,7121.0,53.15232558139535,0.0040290088638195,0.0153102336825141,0.0749395648670427,5.738114423851733,israel-premier-tech-2023,398.0,0.1057947900053163
28,lotto dstny,proteams,belgium,lotto-dstny-2023,ridley,shimano,dt swiss,selle italia,vittoria,shimano,shimano,ekoï,ekoï,,lizard skins,vermarc,precision fuel & hydratation,garmin,garmin,lotto-dstny-2023,1314.0,25.0,55.0,121.0,6550.0,72.53496208930076,0.0190258751902587,0.0418569254185692,0.0920852359208523,4.984779299847793,lotto-dstny-2023,2794.0,17.0,52.0,171.0,8071.0,79.31777597402598,0.0060844667143879,0.0186113099498926,0.0612025769506084,2.888690050107373,lotto-dstny-2023,312.0,1.0,6.0,10.0,306.0,86.0,0.0032051282051282,0.0192307692307692,0.032051282051282,0.9807692307692308,lotto-dstny-2023,254.0,0.0,1.0,7.0,3665.0,16.735159817351597,0.0,0.0039370078740157,0.0275590551181102,14.429133858267717,lotto-dstny-2023,1325.0,17.0,50.0,141.0,10642.0,50.86938775510204,0.0128301886792452,0.0377358490566037,0.1064150943396226,8.031698113207547,lotto-dstny-2023,413.0,0.0933122458201536
29,team corratec,proteams,italy,team-corratec-2023,corratec,,,,,,,,,,,,,,,team-corratec-2023,14.0,0.0,0.0,0.0,0.0,83.0,0.0,0.0,0.0,0.0,team-corratec-2023,75.0,0.0,0.0,0.0,0.0,45.92307692307692,0.0,0.0,0.0,0.0,,,,,,,,,,,,,,,,,,,,,,,team-corratec-2023,89.0,0.0,0.0,0.0,0.0,57.63157894736842,0.0,0.0,0.0,0.0,team-corratec-2023,70.0,0.7865168539325843
30,team flanders - baloise,proteams,belgium,team-flanders--baloise-2023,eddy merckx,shimano,fast forward wheels,selle italia,vittoria,look,,rudy project,rudy project,,,vermarc,etixx,garmin,tacx,team-flanders--baloise-2023,754.0,2.0,5.0,58.0,2593.0,55.99161073825504,0.0026525198938992,0.006631299734748,0.0769230769230769,3.438992042440318,team-flanders--baloise-2023,556.0,1.0,2.0,10.0,1184.0,61.71875,0.0017985611510791,0.0035971223021582,0.0179856115107913,2.129496402877698,team-flanders--baloise-2023,15.0,0.0,0.0,1.0,24.0,93.42857142857144,0.0,0.0,0.0666666666666666,1.6,team-flanders--baloise-2023,18.0,0.0,0.0,0.0,90.0,5.294117647058823,0.0,0.0,0.0,5.0,team-flanders--baloise-2023,1192.0,3.0,7.0,60.0,3739.0,57.257803468208095,0.0025167785234899,0.0058724832214765,0.0503355704697986,3.136744966442953,team-flanders--baloise-2023,321.0,0.240990990990991
31,team novo nordisk,proteams,usa,team-novo-nordisk-2023,argon 18,,,,vittoria,,,,catlike,,,santic,,,,team-novo-nordisk-2023,137.0,0.0,0.0,1.0,30.0,80.61,0.0,0.0,0.0072992700729927,0.218978102189781,team-novo-nordisk-2023,209.0,0.0,0.0,1.0,68.0,90.97619047619048,0.0,0.0,0.0047846889952153,0.3253588516746411,team-novo-nordisk-2023,5.0,0.0,0.0,0.0,0.0,113.0,0.0,0.0,0.0,0.0,team-novo-nordisk-2023,22.0,0.0,0.0,0.0,105.0,5.0,0.0,0.0,0.0,4.7727272727272725,team-novo-nordisk-2023,181.0,0.0,0.0,0.0,92.0,90.11940298507464,0.0,0.0,0.0,0.5082872928176796,team-novo-nordisk-2023,119.0,0.339031339031339
32,team totalenergies,proteams,france,team-totalenergies-2023,specialized,shimano,,specialized,,,,100%,specialized,specialized,,sportful,sportful ergy,garmin,,team-totalenergies-2023,901.0,3.0,16.0,65.0,3557.0,71.36425648021829,0.0033296337402885,0.0177580466148723,0.0721420643729189,3.947835738068812,team-totalenergies-2023,1646.0,6.0,24.0,98.0,4559.0,72.98146828225232,0.0036452004860267,0.0145808019441069,0.0595382746051032,2.769744835965978,team-totalenergies-2023,147.0,0.0,0.0,2.0,23.0,84.76388888888889,0.0,0.0,0.0136054421768707,0.1564625850340136,team-totalenergies-2023,109.0,0.0,0.0,0.0,1488.0,15.030303030303031,0.0,0.0,0.0,13.65137614678899,team-totalenergies-2023,1317.0,5.0,32.0,114.0,7212.0,52.46595744680851,0.0037965072133637,0.0242976461655277,0.0865603644646924,5.476082004555809,team-totalenergies-2023,395.0,0.1466221232368225
33,tudor pro cycling team,proteams,switzerland,tudor-pro-cycling-team-2023,bmc,sramsram,dt swiss,selle italia,schwalbe,speedplay,,,abusabus,suplest,,assos,,wahoo,wahoo,tudor-pro-cycling-team-2023,75.0,0.0,0.0,4.0,79.0,73.6086956521739,0.0,0.0,0.0533333333333333,1.0533333333333332,tudor-pro-cycling-team-2023,149.0,0.0,0.0,2.0,128.0,66.50925925925925,0.0,0.0,0.0134228187919463,0.8590604026845637,,,,,,,,,,,,tudor-pro-cycling-team-2023,7.0,0.0,0.0,0.0,48.0,6.857142857142857,0.0,0.0,0.0,6.857142857142857,tudor-pro-cycling-team-2023,182.0,0.0,0.0,4.0,184.0,64.57037037037037,0.0,0.0,0.0219780219780219,1.010989010989011,tudor-pro-cycling-team-2023,45.0,0.2008928571428571
34,uno-x pro cycling team,proteams,norway,uno-x-pro-cycling-team-2023,dare,,dt swiss,,,,,sweet protection,sweet protection,,,bioracer,,,,uno-x-pro-cycling-team-2023,407.0,1.0,4.0,17.0,1068.0,67.15894039735099,0.0024570024570024,0.0098280098280098,0.0417690417690417,2.624078624078624,uno-x-pro-cycling-team-2023,392.0,1.0,5.0,18.0,994.0,65.6078431372549,0.0025510204081632,0.0127551020408163,0.0459183673469387,2.5357142857142856,uno-x-pro-cycling-team-2023,10.0,0.0,0.0,0.0,0.0,75.5,0.0,0.0,0.0,0.0,uno-x-pro-cycling-team-2023,15.0,0.0,0.0,3.0,319.0,22.785714285714285,0.0,0.0,0.2,21.266666666666666,uno-x-pro-cycling-team-2023,677.0,2.0,8.0,30.0,2008.0,63.505070993914806,0.0029542097488921,0.0118168389955686,0.0443131462333825,2.96602658788774,uno-x-pro-cycling-team-2023,180.0,0.2205882352941176
35,q36.5 pro cycing team,proteams,switzerland,q365-pro-cycing-team,scott,sram,zipp,syncros,pirelli,,garmin,scott,scott,q36.5,,q36.5,amacx,garmin,,q365-pro-cycing-team,861.0,3.0,11.0,60.0,2392.0,74.64803049555273,0.0034843205574912,0.0127758420441347,0.0696864111498257,2.778164924506388,q365-pro-cycing-team,1956.0,5.0,12.0,62.0,3330.0,82.38059701492537,0.0025562372188139,0.0061349693251533,0.0316973415132924,1.7024539877300613,q365-pro-cycing-team,222.0,0.0,0.0,8.0,74.0,79.84545454545454,0.0,0.0,0.036036036036036,0.3333333333333333,q365-pro-cycing-team,180.0,0.0,1.0,3.0,2407.0,14.950310559006212,0.0,0.0055555555555555,0.0166666666666666,13.372222222222222,q365-pro-cycing-team,701.0,3.0,9.0,42.0,4165.0,56.59297520661157,0.0042796005706134,0.0128388017118402,0.0599144079885877,5.94151212553495,q365-pro-cycing-team,255.0,0.083743842364532
